RUN_ID,,id,place,speedrun_link,submitted_date,primary_time_seconds,real_time_seconds,player_id,player_name,player_country,platform,verified
2012,0,m738kdey,1,https://www.speedrun.com/sm64/run/m738kdey,2023-10-21T08:50:34Z,5808,5808,j2ylqn68,Karin,Japan,N64,Yes
2013,1,yjwgkr7m,2,https://www.speedrun.com/sm64/run/yjwgkr7m,2023-10-22T09:45:36Z,5823,5823,jo2mr9n8,marlene,,N64,Yes
2014,2,y2kedw7y,3,https://www.speedrun.com/sm64/run/y2kedw7y,2023-11-23T15:29:50Z,5837,5837,kj9yz0wx,Liam,United States,N64,Yes
2015,3,yoo3w37y,4,https://www.speedrun.com/sm64/run/yoo3w37y,2023-10-14T00:11:51Z,5854,5854,48gev4rj,puncayshun,United States,N64,Yes
2016,4,zx81j5gm,5,https://www.speedrun.com/sm64/run/zx81j5gm,2022-11-18T22:01:40Z,5855,5855,kjprmwk8,Weegee,United States,N64,Yes
2017,5,z5kvqwdz,6,https://www.speedrun.com/sm64/run/z5kvqwdz,2023-11-13T15:12:15Z,5860,5860,kj9lkowj,batora,Japan,N64,Yes
2018,6,zgd6pl0z,7,https://www.speedrun.com/sm64/run/zgd6pl0z,2022-03-01T19:41:14Z,5870,5870,v814mkp8,cheese,Spain,N64,Yes
2019,7,yv85jw6m,8,https://www.speedrun.com/sm64/run/yv85jw6m,2023-03-22T19:52:58Z,5874,5874,8wkzer38,Parsee02,Japan,N64,Yes
2020,8,zg8doeny,9,https://www.speedrun.com/sm64/run/zg8doeny,2023-11-11T21:54:54Z,5876,5876,v81ddq38,Smau,Finland,N64,Yes
2021,9,y869knnm,10,https://www.speedrun.com/sm64/run/y869knnm,2023-05-10T15:58:01Z,5887,5887,zx77v7rx,simply,United States,N64,Yes
2022,10,yvv98n4y,11,https://www.speedrun.com/sm64/run/yvv98n4y,2023-10-10T22:31:16Z,5890,5890,1xyd46wx,Kally,,N64,Yes
2023,11,mejex90y,12,https://www.speedrun.com/sm64/run/mejex90y,2022-01-28T00:22:29Z,5912,5912,zxzk1q9x,ikori_o,Japan,N64,No
2024,12,yjwx5p3m,13,https://www.speedrun.com/sm64/run/yjwx5p3m,2023-11-09T05:36:53Z,5933,5933,jmolpwo8,Raisn,Germany,EMU,Yes
2025,13,yj1660ny,14,https://www.speedrun.com/sm64/run/yj1660ny,2021-01-30T17:28:58Z,5934,5934,qxk45r6j,hokorobi,Japan,N64,Yes
2026,14,m3rw82gm,14,https://www.speedrun.com/sm64/run/m3rw82gm,2021-06-26T23:42:27Z,5934,5934,zx76v0j7,Taggo,Sweden,N64,Yes
2027,15,zne7k38z,16,https://www.speedrun.com/sm64/run/zne7k38z,2023-11-07T20:09:04Z,5937,5937,e8e6edj0,GothicLogic,United Kingdom,N64,Yes
2028,16,yo6l0jjy,17,https://www.speedrun.com/sm64/run/yo6l0jjy,2021-09-24T14:00:24Z,5940,5940,98rp5e6j,Paracusia,Australia,N64,Yes
2029,17,yoo9q01y,18,https://www.speedrun.com/sm64/run/yoo9q01y,2023-10-19T19:03:35Z,5947,5947,zx7gnyx7,Dwhatever,Germany,N64,Yes
2030,18,yllq19xy,19,https://www.speedrun.com/sm64/run/yllq19xy,2023-10-25T14:58:11Z,5950,5950,7j40gpw8,KANNO,,N64,Yes
2031,19,ywnd3wpy,20,https://www.speedrun.com/sm64/run/ywnd3wpy,2023-10-10T05:58:08Z,5960,5960,pj0zz298,BeastAssassin67,United States,N64,Yes
2032,20,me9gv8qz,21,https://www.speedrun.com/sm64/run/me9gv8qz,2021-03-10T04:46:11Z,5968,5968,1xyl49zj,Nebula,Australia,EMU,Yes
2033,21,m72kv49z,22,https://www.speedrun.com/sm64/run/m72kv49z,2023-04-15T13:04:03Z,5971,5971,kj92gmv8,Dowsky,United States,N64,Yes
2034,22,z5do6ldm,23,https://www.speedrun.com/sm64/run/z5do6ldm,2021-08-01T17:03:16Z,5979,5979,dx35192j,Dezanig,Brazil,N64,Yes
2035,23,zgdl76vz,24,https://www.speedrun.com/sm64/run/zgdl76vz,2022-02-12T10:54:57Z,5991,5991,kjp9p28q,Sigotu,Poland,EMU,Yes
2036,24,yvpqvdoy,24,https://www.speedrun.com/sm64/run/yvpqvdoy,2023-06-23T01:30:46Z,5991,5991,j03z503j,Taki,Canada,N64,Yes
2037,25,znqg927z,26,https://www.speedrun.com/sm64/run/znqg927z,2022-10-23T00:57:58Z,5997,5997,v815edqj,Terji,Faroe Islands,N64,Yes
2038,26,y8kd80ny,27,https://www.speedrun.com/sm64/run/y8kd80ny,2023-10-25T08:09:19Z,5998,5998,j5vgqlw8,crazywhw,United States,N64,Yes
2039,27,zxoron8z,28,https://www.speedrun.com/sm64/run/zxoron8z,2021-11-14T09:33:35Z,6003,6003,qxk3o980,nindiddeh,United States,N64,Yes
2040,28,mr1nr34z,29,https://www.speedrun.com/sm64/run/mr1nr34z,2021-05-17T00:31:43Z,6012,6012,kjpqy9yx,Gainai,Germany,N64,Yes
2041,29,mk76r9vy,30,https://www.speedrun.com/sm64/run/mk76r9vy,2021-04-05T01:30:00Z,6021,6021,dx31lw78,RockChalk19,United States,N64,Yes
2042,30,y6x94jjy,30,https://www.speedrun.com/sm64/run/y6x94jjy,2022-08-31T01:01:12Z,6021,6021,qj2w3rpj,BlueBob,Canada,N64,Yes
2043,31,zneoq87z,32,https://www.speedrun.com/sm64/run/zneoq87z,2023-10-17T11:19:35Z,6023,6023,8v5253yj,taciturn,United States,EMU,Yes
2044,32,mr2qg0gy,33,https://www.speedrun.com/sm64/run/mr2qg0gy,2023-09-17T17:35:31Z,6024,6024,18q3zwqj,Dekudude,England,N64,Yes
2045,33,ywklo8py,34,https://www.speedrun.com/sm64/run/ywklo8py,2021-11-28T17:32:01Z,6025,6025,18q9317j,kagami,Japan,N64,Yes
2046,34,me0ejn0z,35,https://www.speedrun.com/sm64/run/me0ejn0z,2023-12-01T01:28:40Z,6028,6028,j0n10kw8,jaquarium,United States,N64,Yes
2047,35,znq5508z,36,https://www.speedrun.com/sm64/run/znq5508z,2022-10-30T11:34:48Z,6040,6040,pj0o24rj,Aleph64,Germany,VC,Yes
2048,36,m756d39z,37,https://www.speedrun.com/sm64/run/m756d39z,2020-11-12T00:58:51Z,6043,6043,zxzpz50j,Fafel,Japan,N64,Yes
2049,37,mel2k72z,38,https://www.speedrun.com/sm64/run/mel2k72z,2023-08-03T18:58:44Z,6049,6049,xyrqdwmj,Zhilkan,Spain,EMU,Yes
2050,38,y625xj1z,39,https://www.speedrun.com/sm64/run/y625xj1z,2023-05-23T09:52:28Z,6059,6059,18vkpkyj,KobrahCJ,United States,N64,Yes
2051,39,y8kr1x5y,40,https://www.speedrun.com/sm64/run/y8kr1x5y,2023-10-08T11:46:26Z,6075,6075,qjn77418,sorichi,Japan,N64,No
2052,40,y4k79enm,41,https://www.speedrun.com/sm64/run/y4k79enm,2023-10-29T17:15:23Z,6088,6088,8r7m4ldj,itsbeeve,United States,N64,Yes
2053,41,z0xp87jz,42,https://www.speedrun.com/sm64/run/z0xp87jz,2023-11-19T14:30:07Z,6096,6096,8lr0m1v8,Avatar,United States,N64,Yes
2054,42,ywr0l22m,43,https://www.speedrun.com/sm64/run/ywr0l22m,2023-06-08T00:15:19Z,6097,6097,5j5w6qnj,kryptic80,United States,N64,Yes
2055,43,mk5qk71m,44,https://www.speedrun.com/sm64/run/mk5qk71m,2021-10-04T11:55:08Z,6101,6101,18vk21yj,Tabascoth,Austria,N64,Yes
2056,44,zp36e98m,45,https://www.speedrun.com/sm64/run/zp36e98m,2021-03-09T20:10:54Z,6103,6103,kjpqrr4x,Goldrush,Japan,N64,Yes
2057,45,z0jqn4jy,46,https://www.speedrun.com/sm64/run/z0jqn4jy,2023-07-26T23:29:57Z,6114,6114,x353dr7j,Finnii602,Germany,VC,Yes
2058,46,mro1j54m,47,https://www.speedrun.com/sm64/run/mro1j54m,2023-01-11T18:33:09Z,6115,6115,qxkm6mj0,Kyman,Canada,N64,Yes
2059,47,z1qk139y,48,https://www.speedrun.com/sm64/run/z1qk139y,2023-02-21T03:49:51Z,6122,6122,kj9egwv8,Afrodafro,Norway,N64,Yes
2060,48,z1kp9pjy,49,https://www.speedrun.com/sm64/run/z1kp9pjy,2023-11-19T00:29:43Z,6124,6124,pj0l653j,FailmanFlo,Germany,N64,Yes
2061,49,6yj9rdzd,50,https://www.speedrun.com/sm64/run/6yj9rdzd,,6129,6129,pj02nmw8,nero_x2,Japan,N64,Yes
2062,50,yvj908oy,51,https://www.speedrun.com/sm64/run/yvj908oy,2018-08-11T15:02:19Z,6130,6130,qjop4q3x,groovy31,Finland,N64,Yes
2063,51,yl99de3y,52,https://www.speedrun.com/sm64/run/yl99de3y,2017-05-04T02:36:10Z,6133,6133,5j52e9qj,GUTOA,Japan,N64,Yes
2064,52,zx722n5y,53,https://www.speedrun.com/sm64/run/zx722n5y,2022-04-27T03:54:06Z,6134,6134,v8lq4k7x,badroenis,United States,N64,Yes
2065,53,z1kr29gy,54,https://www.speedrun.com/sm64/run/z1kr29gy,2023-10-24T23:07:48Z,6142,6142,98r475gj,Blakeo2,England,N64,Yes
2066,54,yj3r6k7z,55,https://www.speedrun.com/sm64/run/yj3r6k7z,2020-02-12T11:57:28Z,6143,6143,5j5v2nz8,Shans,Australia,EMU,No
2067,55,yvjrweoy,56,https://www.speedrun.com/sm64/run/yvjrweoy,2018-11-03T07:58:08Z,6144,6144,0jm7n3nj,phantaxx,United States,N64,Yes
2068,56,y9v5v92m,56,https://www.speedrun.com/sm64/run/y9v5v92m,2022-04-22T21:39:52Z,6144,6144,y8d2v2mj,ChipGroove,United States,N64,Yes
2069,57,y91ndn2m,58,https://www.speedrun.com/sm64/run/y91ndn2m,2020-10-22T14:39:22Z,6146,6146,0jml0zy8,akki,Japan,N64,Yes
2070,58,zqd1lerm,59,https://www.speedrun.com/sm64/run/zqd1lerm,2023-10-29T03:52:08Z,6147,6147,qjonw238,EthanRTA,United States,N64,Yes
2071,59,emk5kgxm,60,https://www.speedrun.com/sm64/run/emk5kgxm,2015-12-07T00:13:54Z,6148,6148,zxzvprjq,toastrider91,Chad,N64,Yes
2072,60,z5pdjrgm,61,https://www.speedrun.com/sm64/run/z5pdjrgm,2023-06-14T22:08:08Z,6153,6153,qxk4wo6j,saksdal,United States,N64,Yes
2073,61,zx4e5lky,62,https://www.speedrun.com/sm64/run/zx4e5lky,2019-05-12T05:10:26Z,6162,6162,kj9ylvx4,V1RO,Canada,N64,Yes
2074,62,z5dqn9em,63,https://www.speedrun.com/sm64/run/z5dqn9em,2021-11-23T03:03:25Z,6166,6166,98r70w3j,Heisenburger,United States,N64,Yes
2075,63,zxnr2e5m,64,https://www.speedrun.com/sm64/run/zxnr2e5m,2023-04-05T09:17:31Z,6167,6167,1xy1oozx,ringo792,United States,N64,Yes
2076,64,yle625rz,65,https://www.speedrun.com/sm64/run/yle625rz,2022-02-05T16:21:44Z,6168,6168,86nrm5qx,taylor3311,Japan,N64,Yes
2077,65,m73xro5y,65,https://www.speedrun.com/sm64/run/m73xro5y,2023-11-27T19:13:50Z,6168,6168,qjor2nj6,Odme_,United States,VC,Yes
2078,66,mk0g5q1z,67,https://www.speedrun.com/sm64/run/mk0g5q1z,2023-06-10T07:28:41Z,6171,6171,8geyo77j,Leysauce,United States,N64,Yes
2079,67,yvr5398z,68,https://www.speedrun.com/sm64/run/yvr5398z,2022-07-09T22:42:31Z,6172,6172,8rpp0egj,Bluth,United States,N64,No
2080,68,m37g7q4z,69,https://www.speedrun.com/sm64/run/m37g7q4z,2021-08-18T20:40:07Z,6173,6173,dx3q74qj,chubby,Norway,N64,Yes
2081,69,y4o941kz,70,https://www.speedrun.com/sm64/run/y4o941kz,2023-04-29T11:09:15Z,6175,6175,x359w0kj,mickyyyr,Australia,N64,Yes
2082,70,ydjr9vvy,71,https://www.speedrun.com/sm64/run/ydjr9vvy,2023-06-09T21:21:59Z,6177,6177,v816eo5x,Soda,,N64,Yes
2083,71,ydj66ljy,72,https://www.speedrun.com/sm64/run/ydj66ljy,2023-05-14T06:10:19Z,6181,6181,1xyw6wn8,markinator99,United States,N64,Yes
2084,72,z5p8qnnm,73,https://www.speedrun.com/sm64/run/z5p8qnnm,2023-07-24T07:47:57Z,6188,6188,8d4ywn58,vitroncio,Brazil,N64,Yes
2085,73,yor9381y,74,https://www.speedrun.com/sm64/run/yor9381y,2022-01-02T05:15:51Z,6189,6189,xzld0398,Xx_Mario_xX,Japan,N64,Yes
2086,74,y9l7xxny,75,https://www.speedrun.com/sm64/run/y9l7xxny,2021-12-08T14:23:06Z,6194,6194,1xy05zjr,turara32767,Japan,N64,Yes
2087,75,m3kok06y,76,https://www.speedrun.com/sm64/run/m3kok06y,2023-09-22T00:27:46Z,6195,6195,xk4zke6j,ElDeve,Argentina,EMU,No
2088,76,mr4jrggz,77,https://www.speedrun.com/sm64/run/mr4jrggz,2021-01-13T23:44:27Z,6196,6196,zxz97kn8,Drogie,Switzerland,N64,Yes
2089,77,pm3wjwy0,78,https://www.speedrun.com/sm64/run/pm3wjwy0,,6202,6202,dx351yqj,siglemic,United States,VC,No
2090,78,nz1e5l7y,79,https://www.speedrun.com/sm64/run/nz1e5l7y,2017-02-22T13:48:28Z,6203,6203,,,,N64,Yes
2091,79,zgpje8jz,80,https://www.speedrun.com/sm64/run/zgpje8jz,2022-07-03T07:19:04Z,6204,6204,v8lem77x,Frost_Byte,United States,N64,Yes
2092,80,y2dn2e7z,81,https://www.speedrun.com/sm64/run/y2dn2e7z,2020-12-18T08:13:58Z,6205,6205,qjnz771j,jane_dair,United States,N64,Yes
2093,81,yvqnqw4m,82,https://www.speedrun.com/sm64/run/yvqnqw4m,2022-02-23T23:42:12Z,6208,6208,8gr94w1x,tomkabs,Canada,N64,Yes
2094,82,zq3nkk8y,83,https://www.speedrun.com/sm64/run/zq3nkk8y,2019-03-17T03:04:04Z,6210,6210,,,,N64,Yes
2095,83,zn0r3d9y,83,https://www.speedrun.com/sm64/run/zn0r3d9y,2021-08-08T21:22:55Z,6210,6210,48gqo07j,darkdog47,United States,N64,Yes
2096,84,y8kenrdy,83,https://www.speedrun.com/sm64/run/y8kenrdy,2023-11-04T18:47:04Z,6210,6210,qjo3kk7j,Fuff,Canada,N64,Yes
2097,85,y412x2ny,86,https://www.speedrun.com/sm64/run/y412x2ny,2019-08-07T00:53:46Z,6211,6211,dx35yzej,TriforceTK,United States,EMU,Yes
2098,86,z15wpdwy,87,https://www.speedrun.com/sm64/run/z15wpdwy,2020-08-31T22:05:01Z,6212,6212,o86nzl0x,Xoofey,United States,N64,Yes
2099,87,y602kr0y,87,https://www.speedrun.com/sm64/run/y602kr0y,2022-06-17T08:25:19Z,6212,6212,kjpoery8,Falcon,Canada,N64,Yes
2100,88,zg8pn60y,87,https://www.speedrun.com/sm64/run/zg8pn60y,2023-11-14T15:51:11Z,6212,6212,xyreddzj,squimmie,United States,N64,Yes
2101,89,dy4jlnyl,90,https://www.speedrun.com/sm64/run/dy4jlnyl,,6217,6217,pj0e6nm8,hyassin27,Canada,VC,Yes
2102,90,zpgwq8vz,91,https://www.speedrun.com/sm64/run/zpgwq8vz,2023-02-15T21:15:10Z,6218,6218,xyrdnrnj,Chemus,Brazil,EMU,Yes
2103,91,zxw80dkm,92,https://www.speedrun.com/sm64/run/zxw80dkm,2023-11-26T22:52:25Z,6225,6225,98rl4w38,HorrorDoesSpeedRuns,United States,N64,Yes
2104,92,yd2g2rqm,93,https://www.speedrun.com/sm64/run/yd2g2rqm,2023-12-02T17:34:05Z,6226,6226,8q316z7j,dista,United States,N64,Yes
2105,93,emk4np5y,94,https://www.speedrun.com/sm64/run/emk4np5y,2015-01-28T18:51:49Z,6227,6227,qjo2pq38,Haliinen,Sweden,N64,Yes
2106,94,z1x23o7m,95,https://www.speedrun.com/sm64/run/z1x23o7m,2021-09-04T17:35:29Z,6232,6232,qjoe6e86,Widdit,United States,N64,Yes
2107,95,1zq2q5zl,96,https://www.speedrun.com/sm64/run/1zq2q5zl,,6233,6233,dx39wqxl,CpKaka,Sweden,VC,Yes
2108,96,znqd8e3z,97,https://www.speedrun.com/sm64/run/znqd8e3z,2022-11-20T17:30:58Z,6234,6234,pj0v59xw,Wilko,Germany,N64,Yes
2109,97,7z0q909m,98,https://www.speedrun.com/sm64/run/7z0q909m,2016-09-14T22:27:15Z,6235,6235,48gryyxp,Flippy_o,Denmark,N64,Yes
2110,98,pydqn8xm,99,https://www.speedrun.com/sm64/run/pydqn8xm,2015-01-07T22:46:28Z,6240,6240,,,,N64,Yes
2111,99,zpp810nz,100,https://www.speedrun.com/sm64/run/zpp810nz,2023-10-31T17:38:52Z,6243,6243,8e6vr17j,piegolds,Australia,EMU,Yes
2112,100,me9gp99z,101,https://www.speedrun.com/sm64/run/me9gp99z,2021-03-13T10:01:17Z,6248,6248,0jm36qe8,Xein64,Germany,N64,Yes
2113,101,zx39w3kz,101,https://www.speedrun.com/sm64/run/zx39w3kz,2023-04-27T14:37:39Z,6248,6248,kjpqyw0x,Gerbiez,Canada,N64,Yes
2114,102,y6qdn8pz,103,https://www.speedrun.com/sm64/run/y6qdn8pz,2023-10-25T00:13:12Z,6251,6251,,,,N64,No
2115,103,y81kr2xz,104,https://www.speedrun.com/sm64/run/y81kr2xz,2019-11-29T19:45:30Z,6256,6256,kj9vd9ox,JMill,United States,EMU,Yes
2116,104,znv1j98m,105,https://www.speedrun.com/sm64/run/znv1j98m,2023-06-11T05:29:52Z,6262,6262,jm3lqln8,Mauir,Chile,EMU,Yes
2117,105,z5oo8pgy,106,https://www.speedrun.com/sm64/run/z5oo8pgy,2017-05-04T08:26:00Z,6269,6269,,,,N64,Yes
2118,106,mk3p87lz,106,https://www.speedrun.com/sm64/run/mk3p87lz,2020-07-10T15:49:00Z,6269,6269,v81q6w3j,bebopbandit,United States,N64,Yes
2119,107,y27e2p6z,108,https://www.speedrun.com/sm64/run/y27e2p6z,2021-09-18T23:59:49Z,6283,6283,x35r767j,Schnoz64,United States,N64,Yes
2120,108,z0p145ey,108,https://www.speedrun.com/sm64/run/z0p145ey,2022-04-25T08:14:18Z,6283,6283,qxkvqp2j,PKT_Distinct,France,N64,Yes
2121,109,dy41lqny,110,https://www.speedrun.com/sm64/run/dy41lqny,2015-04-18T05:23:37Z,6285,6285,qxkovg98,gohanie,Japan,N64,Yes
2122,110,zpq09dgy,110,https://www.speedrun.com/sm64/run/zpq09dgy,2017-05-20T11:05:15Z,6285,6285,68wwn48g,Mitagi,Japan,N64,Yes
2123,111,zxl0l08z,112,https://www.speedrun.com/sm64/run/zxl0l08z,2022-03-01T14:54:37Z,6288,6288,qj2y1r68,JJsrl,United States,N64,Yes
2124,112,z5e0g2dz,113,https://www.speedrun.com/sm64/run/z5e0g2dz,2023-01-09T06:49:13Z,6289,6289,jp4q645j,GoodGrieth,,N64,Yes
2125,113,yold677y,113,https://www.speedrun.com/sm64/run/yold677y,2023-02-05T16:05:12Z,6289,6289,xz79p1nj,tanepota,Japan,N64,Yes
2126,114,oy2w65yd,115,https://www.speedrun.com/sm64/run/oy2w65yd,,6291,6291,,,,N64,Yes
2127,115,0y670q6m,116,https://www.speedrun.com/sm64/run/0y670q6m,2014-12-24T07:05:00Z,6296,6296,18ql07jn,luke994,England,N64,No
2128,116,zne3gr3z,117,https://www.speedrun.com/sm64/run/zne3gr3z,2023-10-12T20:04:22Z,6300,6300,0jmo9zn8,Redmoss,United States,N64,Yes
2129,117,z0pl33ey,118,https://www.speedrun.com/sm64/run/z0pl33ey,2022-06-02T12:13:57Z,6306,6306,j26d1ynx,nidamario,Japan,N64,No
2130,118,y422jeqm,119,https://www.speedrun.com/sm64/run/y422jeqm,2021-02-04T03:54:41Z,6309,6309,pj06y3jw,Butterlord,Canada,N64,Yes
2131,119,m3xpl9wm,120,https://www.speedrun.com/sm64/run/m3xpl9wm,2022-11-17T09:36:15Z,6310,6310,qjo1ovnx,FireGoesFast,Australia,VC,Yes
2132,120,zpq1onny,121,https://www.speedrun.com/sm64/run/zpq1onny,2017-08-27T21:54:38Z,6317,6317,18q3r20j,Animazism,Wales,N64,Yes
2133,121,yvgg194y,122,https://www.speedrun.com/sm64/run/yvgg194y,2017-04-27T00:25:12Z,6318,6318,y8dw9zgj,Alkobakknarko,Norway,N64,Yes
2134,122,y62516pz,123,https://www.speedrun.com/sm64/run/y62516pz,2023-05-26T08:29:27Z,6321,6321,j4rg3z58,CheesyLeech,United States,N64,No
2135,123,mk0o0v1z,123,https://www.speedrun.com/sm64/run/mk0o0v1z,2023-08-01T05:29:06Z,6321,6321,98ryllqj,Fizz,United States,VC,Yes
2136,124,7ylx2nyp,125,https://www.speedrun.com/sm64/run/7ylx2nyp,,6327,6327,y8dg7l86,Noizeeh,Sweden,N64,Yes
2137,125,y81ejkxz,126,https://www.speedrun.com/sm64/run/y81ejkxz,2019-09-01T09:01:26Z,6328,6328,0jmvmzj1,protoman5,United States,N64,Yes
2138,126,y8j93qnz,127,https://www.speedrun.com/sm64/run/y8j93qnz,2021-12-11T16:37:57Z,6329,6329,98r5d3wx,dinkyslinky,Norway,N64,Yes
2139,127,z57l00dm,128,https://www.speedrun.com/sm64/run/z57l00dm,2020-01-10T22:59:47Z,6331,6331,qj25v3lj,m_vitor,Brazil,N64,Yes
2140,128,ywd43kpz,128,https://www.speedrun.com/sm64/run/ywd43kpz,2020-09-29T18:40:47Z,6331,6331,qj2eenjk,Darrow25,QuÃ©bec,VC,Yes
2141,129,y4g25eny,130,https://www.speedrun.com/sm64/run/y4g25eny,2023-01-05T18:22:31Z,6334,6334,j0nv6wm8,shikibi_hiiro,Japan,N64,Yes
2142,130,z5edp95z,130,https://www.speedrun.com/sm64/run/z5edp95z,2023-01-21T05:19:30Z,6334,6334,zxzl7508,Seba54,Chile,EMU,Yes
2143,131,yollr67y,132,https://www.speedrun.com/sm64/run/yollr67y,2023-02-11T17:42:29Z,6335,6335,pj0zm38w,Geenix,United States,N64,Yes
2144,132,zpgjogxz,132,https://www.speedrun.com/sm64/run/zpgjogxz,2023-04-15T02:42:26Z,6335,6335,v8lgdovj,Drac,Brazil,N64,Yes
2145,133,z1o1glgm,134,https://www.speedrun.com/sm64/run/z1o1glgm,2020-09-22T05:04:17Z,6337,6337,7j41p5j1,SuperViperT302,United States,N64,Yes
2146,134,mrnl8gdy,135,https://www.speedrun.com/sm64/run/mrnl8gdy,2021-09-26T20:39:50Z,6338,6338,kj9pq2ox,bromario28,United States,N64,Yes
2147,135,ywpljg0z,136,https://www.speedrun.com/sm64/run/ywpljg0z,2019-05-06T05:51:07Z,6339,6339,o862d3xz,Biinny,England,N64,Yes
2148,136,y2gpvk5z,137,https://www.speedrun.com/sm64/run/y2gpvk5z,2023-06-26T13:38:12Z,6346,6346,v810d5rx,SubmarineCpt,United States,EMU,Yes
2149,137,y2jp919z,138,https://www.speedrun.com/sm64/run/y2jp919z,2023-01-29T07:21:11Z,6349,6349,8ge2ee2j,incha4416,,N64,Yes
2150,138,z0j2rwey,138,https://www.speedrun.com/sm64/run/z0j2rwey,2023-08-15T14:54:36Z,6349,6349,1xyprdvx,packerzilla,United States,N64,Yes
2151,139,8yvxeozo,140,https://www.speedrun.com/sm64/run/8yvxeozo,,6352,6352,,,,N64,No
2152,140,ywk2xe9y,141,https://www.speedrun.com/sm64/run/ywk2xe9y,2021-10-30T04:33:22Z,6356,6356,48g0d97x,latyy,United States,N64,Yes
2153,141,y629wgjz,142,https://www.speedrun.com/sm64/run/y629wgjz,2023-06-18T19:32:51Z,6357,6357,jmpp51ej,amsixx,Spain,EMU,Yes
2154,142,m7qqg74z,143,https://www.speedrun.com/sm64/run/m7qqg74z,2019-06-26T10:45:08Z,6358,6358,qj2pngn8,Beuca,United States,N64,Yes
2155,143,y98e262z,143,https://www.speedrun.com/sm64/run/y98e262z,2023-08-03T23:36:31Z,6358,6358,e8ezrq68,Yale,United States,N64,Yes
2156,144,zgngqj0y,145,https://www.speedrun.com/sm64/run/zgngqj0y,2017-08-22T18:47:52Z,6359,6359,,,,N64,Yes
2157,145,m3l9v26m,146,https://www.speedrun.com/sm64/run/m3l9v26m,2022-11-30T16:12:27Z,6360,6360,jo3r970j,Elva,Japan,N64,Yes
2158,146,m3r9j8wm,147,https://www.speedrun.com/sm64/run/m3r9j8wm,2021-04-12T07:25:37Z,6367,6367,68w040qj,Creator_Destroyer,United States,N64,Yes
2159,147,z13jp5gm,148,https://www.speedrun.com/sm64/run/z13jp5gm,2017-06-09T07:15:40Z,6368,6368,kjp6pz58,Gana64,Japan,N64,Yes
2160,148,yvg5v18y,148,https://www.speedrun.com/sm64/run/yvg5v18y,2018-03-13T05:19:13Z,6368,6368,kj95gwo8,arwyMilo,Canada,N64,No
2161,149,y9vgnqkm,150,https://www.speedrun.com/sm64/run/y9vgnqkm,2022-07-15T00:36:03Z,6369,6369,8rpv21dj,ZeusSM64,New Zealand,EMU,No
2162,150,z0p45eoy,151,https://www.speedrun.com/sm64/run/z0p45eoy,2022-07-18T19:45:25Z,6376,6376,1xy5r7w8,ClintStevens,United States,N64,Yes
2163,151,yd65wgvz,152,https://www.speedrun.com/sm64/run/yd65wgvz,2019-07-12T02:41:40Z,6377,6377,zxzn5rex,joerandom,United States,EMU,Yes
2164,152,zxvg0oqy,153,https://www.speedrun.com/sm64/run/zxvg0oqy,2017-08-28T03:13:12Z,6379,6379,18vpmn8l,ZDeztroyerz,,N64,Yes
2165,153,znv0e09m,153,https://www.speedrun.com/sm64/run/znv0e09m,2023-06-17T09:33:56Z,6379,6379,5j5097nx,SolErikaB,Sweden,EMU,Yes
2166,154,mkgv28xy,155,https://www.speedrun.com/sm64/run/mkgv28xy,2021-06-03T16:35:00Z,6380,6380,qjo9ypnj,OkamiBW,United States,VC,Yes
2167,155,ylnre02z,156,https://www.speedrun.com/sm64/run/ylnre02z,2023-01-20T00:56:59Z,6384,6384,xk4g0m9j,Dezod,United States,N64,Yes
2168,156,zg266gny,157,https://www.speedrun.com/sm64/run/zg266gny,2023-03-20T14:52:55Z,6386,6386,8qz5n7q8,Gravydos,United States,N64,Yes
2169,157,zx7w3pky,158,https://www.speedrun.com/sm64/run/zx7w3pky,2022-06-20T05:39:18Z,6393,6393,zx7gkrx7,alaris,United States,N64,No
2170,158,mrl1lk8m,159,https://www.speedrun.com/sm64/run/mrl1lk8m,2023-06-11T09:16:43Z,6399,6399,8g5y277j,ReallyBadDK,United States,N64,Yes
2171,159,y86o6e5m,160,https://www.speedrun.com/sm64/run/y86o6e5m,2023-08-01T04:21:35Z,6400,6400,8w139m3x,oatslice,Australia,N64,Yes
2172,160,y8qwlnwy,161,https://www.speedrun.com/sm64/run/y8qwlnwy,2018-01-22T19:47:28Z,6407,6407,98r2l63x,MrSpeedrun,Germany,N64,Yes
2173,161,y2gnee5z,162,https://www.speedrun.com/sm64/run/y2gnee5z,2023-07-31T19:14:01Z,6409,6409,jo3v1n0j,Sabxander,Romania,EMU,Yes
2174,162,pzgo1em2,163,https://www.speedrun.com/sm64/run/pzgo1em2,,6411,6411,18vmme8l,pobo,United States,N64,Yes
2175,163,ylnnj2rz,164,https://www.speedrun.com/sm64/run/ylnnj2rz,2023-02-13T23:38:46Z,6413,6413,pj0vn53x,Apeduden,Norway,N64,Yes
2176,164,ydg2j4vy,164,https://www.speedrun.com/sm64/run/ydg2j4vy,2023-02-24T01:01:53Z,6413,6413,zxzn3w9x,spener1122,Canada,N64,Yes
2177,165,zn702v8m,166,https://www.speedrun.com/sm64/run/zn702v8m,2022-01-12T18:13:34Z,6414,6414,8geo5gpj,Unknown1470,United States,EMU,Yes
2178,166,zx2e5k5m,167,https://www.speedrun.com/sm64/run/zx2e5k5m,2020-09-03T11:50:34Z,6416,6416,kj93d27j,watapachi67,Japan,N64,Yes
2179,167,y258d37y,168,https://www.speedrun.com/sm64/run/y258d37y,2020-07-29T17:02:04Z,6422,6422,kj9z6w84,Fuzzyness,England,N64,Yes
2180,168,9mel5p2z,169,https://www.speedrun.com/sm64/run/9mel5p2z,2016-07-01T05:04:25Z,6424,6424,68w134xg,trevor107,Canada,N64,Yes
2181,169,7yl8nq3z,169,https://www.speedrun.com/sm64/run/7yl8nq3z,2017-02-28T04:55:27Z,6424,6424,v8lz34xm,Shy,Finland,N64,Yes
2182,170,y2pp6q5z,171,https://www.speedrun.com/sm64/run/y2pp6q5z,2022-06-01T04:36:08Z,6427,6427,zx7zw1r8,egaSyeliR,United States,N64,Yes
2183,171,m73dd7wy,172,https://www.speedrun.com/sm64/run/m73dd7wy,2023-10-24T02:07:18Z,6431,6431,jpm2m44j,happydude124,United States,EMU,Yes
2184,172,yjp04gny,173,https://www.speedrun.com/sm64/run/yjp04gny,2022-07-22T06:11:34Z,6435,6435,x354692j,manxmud,United States,N64,Yes
2185,173,wzpxvxmq,174,https://www.speedrun.com/sm64/run/wzpxvxmq,,6436,6436,,,,N64,No
2186,174,me0e5g8z,175,https://www.speedrun.com/sm64/run/me0e5g8z,2023-12-05T05:43:00Z,6440,6440,xko59n68,FleetingAzure,United States,N64,Yes
2187,175,y48n92qm,176,https://www.speedrun.com/sm64/run/y48n92qm,2022-02-27T06:29:43Z,6446,6446,v819rrxp,Marco,France,N64,Yes
2188,176,z18wn57y,177,https://www.speedrun.com/sm64/run/z18wn57y,2021-04-08T12:46:12Z,6447,6447,5j594e6x,peta,Japan,N64,Yes
2189,177,zx8k855m,178,https://www.speedrun.com/sm64/run/zx8k855m,2022-08-10T01:41:45Z,6451,6451,zx7qg1y8,Muimania,Germany,EMU,Yes
2190,178,zne1xj9z,179,https://www.speedrun.com/sm64/run/zne1xj9z,2023-10-27T09:01:43Z,6452,6452,8e6k1loj,PhoenixAUS,Australia,VC,Yes
2191,179,y8jrq5nz,180,https://www.speedrun.com/sm64/run/y8jrq5nz,2021-12-27T16:43:51Z,6460,6460,qxkmn26j,popesquidward,United States,N64,Yes
2192,180,m3ql0lwy,181,https://www.speedrun.com/sm64/run/m3ql0lwy,2023-07-08T10:54:02Z,6461,6461,zx73n50j,JDee,Canada,N64,Yes
2193,181,y27n395z,182,https://www.speedrun.com/sm64/run/y27n395z,2021-10-20T06:22:05Z,6462,6462,j51q9668,RianDiCielo,Panama,EMU,Yes
2194,182,z5kd6wez,182,https://www.speedrun.com/sm64/run/z5kd6wez,2023-11-04T22:15:51Z,6462,6462,qj2yvm78,pete,United States,N64,Yes
2195,183,me44vv3y,184,https://www.speedrun.com/sm64/run/me44vv3y,2021-08-31T07:31:46Z,6463,6463,kjpmy0jq,ThatDrunkenDwarf,England,N64,Yes
2196,184,zn40rn3m,185,https://www.speedrun.com/sm64/run/zn40rn3m,2018-09-19T20:56:07Z,6466,6466,,,,N64,Yes
2197,185,yvjk606y,185,https://www.speedrun.com/sm64/run/yvjk606y,2019-04-04T15:54:34Z,6466,6466,1xy5vzy8,m0m0,,N64,Yes
2198,186,zx7n4v5y,185,https://www.speedrun.com/sm64/run/zx7n4v5y,2022-06-07T07:24:25Z,6466,6466,18vkpmej,Menstilo,Germany,EMU,Yes
2199,187,zx3ql3ez,188,https://www.speedrun.com/sm64/run/zx3ql3ez,2023-07-21T17:26:40Z,6471,6471,j2636gox,smc_,Scotland,N64,Yes
2200,188,9yox80yx,189,https://www.speedrun.com/sm64/run/9yox80yx,,6472,6472,y8d4po86,Toufool,United States,N64,Yes
2201,189,yjx7gp7z,190,https://www.speedrun.com/sm64/run/yjx7gp7z,2022-03-06T13:32:53Z,6474,6474,zx7nlkq8,bev_prune_,Australia,N64,Yes
2202,190,zqgp125m,191,https://www.speedrun.com/sm64/run/zqgp125m,2021-03-19T11:21:06Z,6478,6478,zxze2zex,Flixer,United States,N64,Yes
2203,191,zqj7gdrm,191,https://www.speedrun.com/sm64/run/zqj7gdrm,2023-06-26T13:37:50Z,6478,6478,8dw231lj,mdsnoopy,Chile,N64,Yes
2204,192,mrq8w74y,193,https://www.speedrun.com/sm64/run/mrq8w74y,2017-05-29T04:37:41Z,6481,6481,y8dwdegj,hellool,United States,N64,Yes
2205,193,y8jrjndz,194,https://www.speedrun.com/sm64/run/y8jrjndz,2021-12-29T06:07:28Z,6483,6483,48gkmp2j,mercredi,Canada,N64,Yes
2206,194,emkj81ly,195,https://www.speedrun.com/sm64/run/emkj81ly,2017-03-14T05:07:54Z,6491,6491,68wegq8g,Custom,Canada,N64,Yes
2207,195,y2ppkw9z,196,https://www.speedrun.com/sm64/run/y2ppkw9z,2022-05-30T22:38:39Z,6494,6494,qjok7l78,TwitchName,United States,N64,Yes
2208,196,yl6q8d2y,197,https://www.speedrun.com/sm64/run/yl6q8d2y,2023-06-13T14:01:55Z,6495,6495,98rky4qx,BigCheese,United States,VC,Yes
2209,197,yo4gd91m,198,https://www.speedrun.com/sm64/run/yo4gd91m,2018-04-09T17:34:02Z,6500,6500,kjppl92j,quiilucru,,N64,Yes
2210,198,zxw7r8km,198,https://www.speedrun.com/sm64/run/zxw7r8km,2023-11-20T20:01:28Z,6500,6500,8g2zm0rj,meephs,,N64,Yes
2211,199,wzp3o3rm,200,https://www.speedrun.com/sm64/run/wzp3o3rm,2015-09-09T18:03:15Z,6505,6505,48gem41j,igreil,United States,N64,Yes
2212,200,m70o3gwy,200,https://www.speedrun.com/sm64/run/m70o3gwy,2023-07-27T05:54:24Z,6505,6505,zxz67wn8,AJLane,United States,N64,Yes
2213,201,y4gkr9ky,202,https://www.speedrun.com/sm64/run/y4gkr9ky,2023-02-22T07:07:20Z,6508,6508,xkm3lk7j,Nonag,Germany,EMU,Yes
2214,202,yd18k1jy,203,https://www.speedrun.com/sm64/run/yd18k1jy,2022-08-01T00:38:22Z,6509,6509,8v55qvej,Lucinovic,Netherlands,N64,Yes
2215,203,yon5x85z,204,https://www.speedrun.com/sm64/run/yon5x85z,2023-08-12T05:11:15Z,6518,6518,8r7412qj,Rynnoo,United States,N64,Yes
2216,204,zp2406xy,205,https://www.speedrun.com/sm64/run/zp2406xy,2021-12-18T12:10:45Z,6525,6525,18qowewj,Majoog,South Korea,EMU,Yes
2217,205,yv8vnkom,205,https://www.speedrun.com/sm64/run/yv8vnkom,2023-02-25T03:00:06Z,6525,6525,8wlk4n4j,Kaimatix,England,N64,Yes
2218,206,yd11woxy,207,https://www.speedrun.com/sm64/run/yd11woxy,2022-09-11T02:24:21Z,6527,6527,86v9945j,Tit0MEX_64,Mexico,EMU,Yes
2219,207,y62w2q0z,208,https://www.speedrun.com/sm64/run/y62w2q0z,2023-08-17T02:05:31Z,6531,6531,qj2pr078,roddy,Brazil,EMU,Yes
2220,208,y8k8rqny,209,https://www.speedrun.com/sm64/run/y8k8rqny,2023-11-15T20:25:40Z,6533,6533,v8159vlj,collins_vg,United States,N64,No
2221,209,zqdeld9m,210,https://www.speedrun.com/sm64/run/zqdeld9m,2023-12-05T16:37:29Z,6536,6536,jn32931x,Suigi,Canada,N64,Yes
2222,210,emk1xxy6,211,https://www.speedrun.com/sm64/run/emk1xxy6,,6538,6538,,,,N64,No
2223,211,z1kdkwry,212,https://www.speedrun.com/sm64/run/z1kdkwry,2023-09-09T13:20:23Z,6543,6543,8vkn1mnj,madware,Chile,N64,Yes
2224,212,7z08q4m5,213,https://www.speedrun.com/sm64/run/7z08q4m5,,6544,6544,e8eepzo8,alextolio,Greece,VC,No
2225,213,y69ewvpy,214,https://www.speedrun.com/sm64/run/y69ewvpy,2021-10-19T01:16:27Z,6551,6551,1xyky4n8,thags15,United States,N64,Yes
2226,214,mk2pw2vm,215,https://www.speedrun.com/sm64/run/mk2pw2vm,2019-12-22T17:48:40Z,6557,6557,7j47lplj,dumpdome64,United States,EMU,Yes
2227,215,yjwpv03m,215,https://www.speedrun.com/sm64/run/yjwpv03m,2023-11-20T22:54:46Z,6557,6557,816nqwqx,Zaikenator,United States,N64,Yes
2228,216,y9kxl1nz,217,https://www.speedrun.com/sm64/run/y9kxl1nz,2023-11-24T20:36:41Z,6565,6565,j2w1w5lj,RONC3NA,United States,N64,Yes
2229,217,0zn9d7yn,218,https://www.speedrun.com/sm64/run/0zn9d7yn,,6566,6566,zx7dpyx7,Holahu,England,EMU,Yes
2230,218,9mrxwgmq,219,https://www.speedrun.com/sm64/run/9mrxwgmq,,6567,6567,48gr9rpx,sicko,England,N64,No
2231,219,zqev3jrz,220,https://www.speedrun.com/sm64/run/zqev3jrz,2023-01-18T07:48:34Z,6568,6568,1xyo90yj,Avijobat,Mexico,VC,Yes
2232,220,m3gl3pqz,221,https://www.speedrun.com/sm64/run/m3gl3pqz,2020-11-22T10:49:58Z,6572,6572,pj0ke0m8,SeanRaider,Canada,N64,Yes
2233,221,zpg9oegz,221,https://www.speedrun.com/sm64/run/zpg9oegz,2023-02-02T16:30:40Z,6572,6572,e8evzg7x,gamiru,Japan,N64,Yes
2234,222,pyd0r8wz,223,https://www.speedrun.com/sm64/run/pyd0r8wz,2015-07-08T11:25:04Z,6573,6573,kj9rv7j4,Washeyy,Australia,N64,No
2235,223,zgej22ey,223,https://www.speedrun.com/sm64/run/zgej22ey,2023-07-31T23:45:07Z,6573,6573,8lpl934j,PegiTheLoca,Germany,EMU,Yes
2236,224,7yl97lny,225,https://www.speedrun.com/sm64/run/7yl97lny,2014-12-24T07:11:47Z,6574,6574,18vo42xl,SimpleFlips,United States,N64,Yes
2237,225,9mee5g0m,226,https://www.speedrun.com/sm64/run/9mee5g0m,2016-05-25T22:48:39Z,6575,6575,e8e9ze2j,ohaithereman,United States,N64,Yes
2238,226,8y84qe1z,226,https://www.speedrun.com/sm64/run/8y84qe1z,2017-01-31T20:06:08Z,6575,6575,v8l732jm,Jolteon92,England,N64,Yes
2239,227,zqw5e99z,228,https://www.speedrun.com/sm64/run/zqw5e99z,2020-08-07T13:18:01Z,6580,6580,qxk4q47j,Redd,United States,N64,Yes
2240,228,z0jkx64y,228,https://www.speedrun.com/sm64/run/z0jkx64y,2023-08-11T16:31:31Z,6580,6580,kj9z6pn8,Sunnard,France,EMU,Yes
2241,229,pm3j4dz0,230,https://www.speedrun.com/sm64/run/pm3j4dz0,2023-09-27T00:22:15Z,6582,6582,,,,N64,No
2242,230,y95nxnvz,230,https://www.speedrun.com/sm64/run/y95nxnvz,2019-08-07T00:39:50Z,6582,6582,98r2y03x,SoloQ,United States,EMU,Yes
2243,231,y8q3d6dy,232,https://www.speedrun.com/sm64/run/y8q3d6dy,2017-04-05T17:12:43Z,6584,6584,y8dw0vgj,TylerSM74,Canada,N64,Yes
2244,232,zp4o29nz,232,https://www.speedrun.com/sm64/run/zp4o29nz,2020-01-23T06:32:18Z,6584,6584,y8d4ng86,CarlosDaMan,United States,N64,Yes
2245,233,yj2n43om,232,https://www.speedrun.com/sm64/run/yj2n43om,2023-08-31T16:58:23Z,6584,6584,x3q4rqqj,52koney,Japan,N64,Yes
2246,234,y97gn22m,235,https://www.speedrun.com/sm64/run/y97gn22m,2018-03-23T12:38:56Z,6587,6587,,,,N64,Yes
2247,235,pydk5nxm,236,https://www.speedrun.com/sm64/run/pydk5nxm,2017-03-13T09:36:43Z,6589,6589,,,,N64,Yes
2248,236,mrqoq88y,237,https://www.speedrun.com/sm64/run/mrqoq88y,2017-11-22T00:30:24Z,6592,6592,qjo26208,YarvishSaseko,Japan,N64,Yes
2249,237,y2g54g5z,238,https://www.speedrun.com/sm64/run/y2g54g5z,2023-05-26T02:35:49Z,6594,6594,8qz4y5o8,JamesBod,Canada,N64,Yes
2250,238,y9k375vz,238,https://www.speedrun.com/sm64/run/y9k375vz,2023-10-29T22:08:45Z,6594,6594,8enge328,BenedictFleur123,Netherlands,EMU,Yes
2251,239,y45wkxdm,240,https://www.speedrun.com/sm64/run/y45wkxdm,2017-07-01T07:16:48Z,6595,6595,e8e6k12j,kumasyatyou,Japan,N64,Yes
2252,240,z03vnr8z,241,https://www.speedrun.com/sm64/run/z03vnr8z,2019-05-07T22:13:22Z,6596,6596,1xy06qnj,Squirr3I,United States,N64,Yes
2253,241,zq12k31m,242,https://www.speedrun.com/sm64/run/zq12k31m,2021-06-22T23:59:38Z,6597,6597,dx307r6x,NicV,United States,N64,Yes
2254,242,pzggnnez,243,https://www.speedrun.com/sm64/run/pzggnnez,2015-09-23T18:27:09Z,6598,6598,,,,N64,No
2255,243,yvv85goy,243,https://www.speedrun.com/sm64/run/yvv85goy,2023-12-04T05:21:40Z,6598,6598,v81gypl8,realblopez,United States,N64,Yes
2256,244,oy2w45yd,245,https://www.speedrun.com/sm64/run/oy2w45yd,,6599,6599,,,,N64,Yes
2257,245,7z0q49m5,245,https://www.speedrun.com/sm64/run/7z0q49m5,2023-09-27T00:17:14Z,6599,6599,xz9k6ye8,Rorotto,Japan,N64,No
2258,246,yl4xdgkm,245,https://www.speedrun.com/sm64/run/yl4xdgkm,2019-01-29T21:04:36Z,6599,6599,48gyr78p,TheoryLocked,Austria,EMU,No
2259,247,mrlql32m,245,https://www.speedrun.com/sm64/run/mrlql32m,2023-05-03T13:54:18Z,6599,6599,zxz1vorj,Karyno,France,N64,Yes
2260,248,m700x0ey,245,https://www.speedrun.com/sm64/run/m700x0ey,2023-07-12T13:44:51Z,6599,6599,18qrd50j,wermi,Poland,N64,Yes
2261,249,y98qkjrz,245,https://www.speedrun.com/sm64/run/y98qkjrz,2023-08-23T04:15:49Z,6599,6599,qjnw4rdj,CapruSin,United States,EMU,Yes
2262,250,ywn6243y,245,https://www.speedrun.com/sm64/run/ywn6243y,2023-11-26T22:36:07Z,6599,6599,pj0322mj,Erthide,QuÃ©bec,VC,Yes
2263,251,m7g8de9m,252,https://www.speedrun.com/sm64/run/m7g8de9m,2020-05-11T00:15:34Z,6606,6606,qj26nnnx,Marteeny,Japan,N64,Yes
2264,252,ylkox42z,253,https://www.speedrun.com/sm64/run/ylkox42z,2020-05-13T13:44:21Z,6608,6608,zx75q087,Vincertain,QuÃ©bec,N64,Yes
2265,253,yo4d1q0m,254,https://www.speedrun.com/sm64/run/yo4d1q0m,2017-11-21T04:55:14Z,6613,6613,18q3o2oj,dazrin_,Canada,N64,Yes
2266,254,y829ow5y,255,https://www.speedrun.com/sm64/run/y829ow5y,2020-04-13T17:53:26Z,6615,6615,48goorxp,RetroRuns,England,N64,Yes
2267,255,zgwvwj0y,256,https://www.speedrun.com/sm64/run/zgwvwj0y,2020-05-02T15:01:58Z,6618,6618,dx35qr2j,Jebuskiller,Australia,N64,Yes
2268,256,zgeo7key,257,https://www.speedrun.com/sm64/run/zgeo7key,2023-07-24T23:07:56Z,6620,6620,8e6qyddj,Salemba,Austria,EMU,Yes
2269,257,znv4dp3m,258,https://www.speedrun.com/sm64/run/znv4dp3m,2023-05-13T08:17:05Z,6624,6624,j5v799w8,Naraknight,United States,N64,Yes
2270,258,zp8lnwvy,259,https://www.speedrun.com/sm64/run/zp8lnwvy,2021-08-17T09:27:15Z,6640,6640,18v2l4ej,Zombie2,Canada,EMU,Yes
2271,259,y2jojd9z,260,https://www.speedrun.com/sm64/run/y2jojd9z,2023-04-13T07:05:59Z,6643,6643,jn37ppdx,cookincat,United States,EMU,Yes
2272,260,mro86o7m,261,https://www.speedrun.com/sm64/run/mro86o7m,2022-12-12T20:14:49Z,6662,6662,zxzqlnrx,Cysse,France,EMU,Yes
2273,261,yjx27l7z,262,https://www.speedrun.com/sm64/run/yjx27l7z,2022-02-05T08:04:49Z,6664,6664,8w1wp94x,CheZach,Canada,N64,Yes
2274,262,mk44vevy,263,https://www.speedrun.com/sm64/run/mk44vevy,2017-05-01T07:16:12Z,6668,6668,18vomvxl,Dublin,United States,N64,Yes
2275,263,z0pponey,264,https://www.speedrun.com/sm64/run/z0pponey,2022-05-29T20:10:24Z,6674,6674,0jmvr1yj,Lusion,United States,EMU,Yes
2276,264,yv12dd4y,265,https://www.speedrun.com/sm64/run/yv12dd4y,2021-05-09T20:57:24Z,6675,6675,zxzn5q4x,RWBYSorry,England,EMU,Yes
2277,265,y62d3jqz,266,https://www.speedrun.com/sm64/run/y62d3jqz,2023-06-08T08:03:07Z,6679,6679,e8ewrz78,ariapath,Australia,EMU,Yes
2278,266,y8qd0nwy,267,https://www.speedrun.com/sm64/run/y8qd0nwy,2017-08-23T14:46:09Z,6680,6680,qj2367xk,bounceyboy,United States,N64,Yes
2279,267,y6oj4pqy,268,https://www.speedrun.com/sm64/run/y6oj4pqy,2023-03-21T05:35:16Z,6681,6681,8w12vnqx,LowAppeal,United States,N64,Yes
2280,268,yvg2nnoy,269,https://www.speedrun.com/sm64/run/yvg2nnoy,2017-08-08T08:16:53Z,6686,6686,zx72o068,naji,Sri Lanka,N64,Yes
2281,269,m7770l4m,270,https://www.speedrun.com/sm64/run/m7770l4m,2021-09-02T16:58:38Z,6691,6691,86vwom0j,WaterproofTeabag_,Australia,N64,Yes
2282,270,pyd9wrvz,271,https://www.speedrun.com/sm64/run/pyd9wrvz,2015-08-23T15:23:29Z,6707,6707,98rp3q6j,joeys64,Netherlands,VC,Yes
2283,271,zxw8xlgm,272,https://www.speedrun.com/sm64/run/zxw8xlgm,2023-11-26T12:34:23Z,6710,6710,8g5772rj,Semaa,Bosnia and Herzegovina,EMU,Yes
2284,272,z5pl3jnm,273,https://www.speedrun.com/sm64/run/z5pl3jnm,2023-07-30T10:48:47Z,6712,6712,8end5g78,SonicGordon6,United States,EMU,Yes
2285,273,yvq528em,274,https://www.speedrun.com/sm64/run/yvq528em,2022-03-06T07:56:38Z,6713,6713,qjopvonx,clairdss,United States,VC,Yes
2286,274,ywq1k82y,275,https://www.speedrun.com/sm64/run/ywq1k82y,2021-04-14T20:21:44Z,6715,6715,qjoddd3x,Hakasay,United States,N64,Yes
2287,275,7z0vxeoy,276,https://www.speedrun.com/sm64/run/7z0vxeoy,2017-03-21T08:45:03Z,6716,6716,qj26mlxk,ClysmiC,,N64,Yes
2288,276,9meg50y7,277,https://www.speedrun.com/sm64/run/9meg50y7,,6732,6732,o863r08z,Seanzy,United States,N64,No
2289,277,y9x0922y,278,https://www.speedrun.com/sm64/run/y9x0922y,2022-08-13T12:42:24Z,6735,6735,zx762vj7,Luco,United States,VC,Yes
2290,278,z0nr589m,279,https://www.speedrun.com/sm64/run/z0nr589m,2023-01-12T21:55:16Z,6740,6740,jnz2ykqj,ShaDowSPoweR,France,EMU,Yes
2291,279,me76vo3y,280,https://www.speedrun.com/sm64/run/me76vo3y,2021-05-01T03:19:44Z,6743,6743,y8dz54gj,maosfx,United States,VC,Yes
2292,280,yw6kdqpm,280,https://www.speedrun.com/sm64/run/yw6kdqpm,2022-08-28T03:59:01Z,6743,6743,xzlq0er8,r1cef4rmer,United States,EMU,Yes
2293,281,0zn37r8y,282,https://www.speedrun.com/sm64/run/0zn37r8y,2015-07-12T16:11:54Z,6745,6745,qjnp448m,Vorago,United Kingdom,EMU,Yes
2294,282,z1lpj5gm,283,https://www.speedrun.com/sm64/run/z1lpj5gm,2023-06-25T18:24:34Z,6747,6747,8vo90m5x,Nicolascs83,Spain,N64,Yes
2295,283,0y6ge1m7,284,https://www.speedrun.com/sm64/run/0y6ge1m7,,6757,6757,,,,VC,Yes
2296,284,ylqn05kz,285,https://www.speedrun.com/sm64/run/ylqn05kz,2021-06-03T18:50:23Z,6758,6758,kj90nrj4,Kyrette,United States,VC,Yes
2297,285,9yoxg0yx,286,https://www.speedrun.com/sm64/run/9yoxg0yx,,6760,6760,,,,N64,No
2298,286,z0n7goom,287,https://www.speedrun.com/sm64/run/z0n7goom,2023-01-23T02:59:22Z,6761,6761,xko6o278,Seceon,Chile,N64,Yes
2299,287,wzpx1rnm,288,https://www.speedrun.com/sm64/run/wzpx1rnm,2016-09-16T21:44:18Z,6765,6765,48g03yxp,wilzo,United Kingdom,N64,Yes
2300,288,m3d8no6z,289,https://www.speedrun.com/sm64/run/m3d8no6z,2018-03-23T12:45:48Z,6766,6766,,,,N64,Yes
2301,289,zxw7kl5m,290,https://www.speedrun.com/sm64/run/zxw7kl5m,2023-11-15T03:00:10Z,6770,6770,zx7gw1rx,Invisible_hole,United States,N64,Yes
2302,290,y8d8eowz,291,https://www.speedrun.com/sm64/run/y8d8eowz,2021-05-26T05:24:00Z,6776,6776,8ge9k0rj,ryompt,United States,EMU,Yes
2303,291,z110elwz,292,https://www.speedrun.com/sm64/run/z110elwz,2019-03-29T17:27:30Z,6778,6778,y8d4dk58,SomeBro,United States,EMU,Yes
2304,292,mrqw484y,293,https://www.speedrun.com/sm64/run/mrqw484y,2018-03-23T12:44:16Z,6780,6780,7j4qr2mx,marshmallow.,Japan,N64,Yes
2305,293,z1pg1j9z,294,https://www.speedrun.com/sm64/run/z1pg1j9z,2022-06-02T12:36:33Z,6783,6783,0jmw6wex,Bombs,United States,N64,Yes
2306,294,y9nqw1kz,295,https://www.speedrun.com/sm64/run/y9nqw1kz,2021-04-01T08:34:31Z,6790,6790,zxzzzrxq,Moose,United States,N64,Yes
2307,295,ywrkn90m,296,https://www.speedrun.com/sm64/run/ywrkn90m,2023-06-17T13:10:34Z,6791,6791,48g7gd18,jepega,Netherlands,N64,Yes
2308,296,y4gvkeny,297,https://www.speedrun.com/sm64/run/y4gvkeny,2023-04-01T10:58:28Z,6798,6798,pj0eny48,scoagogo,Northern Ireland,EMU,Yes
2309,297,y4keq4dm,298,https://www.speedrun.com/sm64/run/y4keq4dm,2023-10-10T07:36:01Z,6799,6799,v8l0ogl8,Galaxtic,Sweden,EMU,Yes
2310,298,zpp2dlnz,299,https://www.speedrun.com/sm64/run/zpp2dlnz,2023-11-10T09:07:35Z,6801,6801,8rpwpnqj,xInf3rn0,United States,N64,Yes
2311,299,0y6l5x0y,300,https://www.speedrun.com/sm64/run/0y6l5x0y,2015-03-23T04:38:39Z,6804,6804,y8dgeo86,mitcho,Australia,N64,Yes
2312,300,pm3qd2dy,301,https://www.speedrun.com/sm64/run/pm3qd2dy,2016-06-01T03:23:55Z,6805,6805,qjn9dwxm,360Chrism,Germany,VC,Yes
2313,301,yl69o0xy,302,https://www.speedrun.com/sm64/run/yl69o0xy,2023-05-01T07:01:13Z,6808,6808,8g5egl1j,Rayydex,Germany,EMU,Yes
2314,302,nz13vprm,303,https://www.speedrun.com/sm64/run/nz13vprm,2015-01-16T04:10:32Z,6811,6811,0jmpgoj1,Audraxys,Canada,VC,Yes
2315,303,z0j86e4y,304,https://www.speedrun.com/sm64/run/z0j86e4y,2023-07-30T15:55:46Z,6813,6813,8r7eqr6j,Itz_Me_Coreyyy,United States,N64,Yes
2316,304,pydlxvzn,305,https://www.speedrun.com/sm64/run/pydlxvzn,,6817,6817,8l00pll8,Gombill,United States,N64,Yes
2317,305,pzgj4ez2,306,https://www.speedrun.com/sm64/run/pzgj4ez2,,6818,6818,v8lgq7jm,datimeloss,Canada,EMU,Yes
2318,306,zqeeooxz,307,https://www.speedrun.com/sm64/run/zqeeooxz,2023-02-14T21:41:00Z,6820,6820,1xyqnov8,unpushplay,United States,N64,Yes
2319,307,m3705x6z,308,https://www.speedrun.com/sm64/run/m3705x6z,2021-10-09T03:20:45Z,6826,6826,8gr1ld7x,kdogk,United States,EMU,Yes
2320,308,9yolve0y,309,https://www.speedrun.com/sm64/run/9yolve0y,2016-04-21T13:32:55Z,6827,6827,18vyq58l,Haruæ§˜,Germany,N64,Yes
2321,309,kz52wk5z,310,https://www.speedrun.com/sm64/run/kz52wk5z,2016-02-29T23:11:10Z,6828,6828,o864qpjz,JazzyChoi1991,England,N64,Yes
2322,310,z07g06ey,310,https://www.speedrun.com/sm64/run/z07g06ey,2021-11-22T17:14:53Z,6828,6828,8gee7n7j,LxqZach,Germany,N64,Yes
2323,311,zpwpx8ry,312,https://www.speedrun.com/sm64/run/zpwpx8ry,2023-07-18T07:54:37Z,6835,6835,8lr5gl78,Majora_AG,Norway,EMU,Yes
2324,312,mkg97kvy,313,https://www.speedrun.com/sm64/run/mkg97kvy,2021-04-18T17:29:24Z,6837,6837,98rv2rdj,Perna64,United States,N64,Yes
2325,313,9mr9orgm,314,https://www.speedrun.com/sm64/run/9mr9orgm,2015-07-17T15:38:19Z,6849,6849,zx73kqj7,Skaredogged97,Switzerland,EMU,Yes
2326,314,yl7d5prm,315,https://www.speedrun.com/sm64/run/yl7d5prm,2022-06-25T04:22:31Z,6858,6858,j4232gmx,VonJim,QuÃ©bec,N64,Yes
2327,315,8m7o44y0,316,https://www.speedrun.com/sm64/run/8m7o44y0,,6859,6859,,,,N64,No
2328,316,y2g2ke6z,317,https://www.speedrun.com/sm64/run/y2g2ke6z,2023-07-22T16:28:34Z,6860,6860,86vp263j,OdieB,Canada,N64,Yes
2329,317,y23pej7m,318,https://www.speedrun.com/sm64/run/y23pej7m,2017-10-23T03:43:21Z,6862,6862,qjooqd0j,SmashBrawler64,United States,N64,Yes
2330,318,yv2ejw8m,319,https://www.speedrun.com/sm64/run/yv2ejw8m,2021-03-25T20:25:09Z,6868,6868,7j420lwx,Progji,Germany,N64,Yes
2331,319,yodj5r0m,320,https://www.speedrun.com/sm64/run/yodj5r0m,2022-08-11T12:37:22Z,6872,6872,x353emej,Bernhard,Germany,N64,Yes
2332,320,8yvxdozo,321,https://www.speedrun.com/sm64/run/8yvxdozo,,6875,6875,,,,N64,No
2333,321,y86q73nm,322,https://www.speedrun.com/sm64/run/y86q73nm,2023-05-06T00:20:09Z,6876,6876,xkmnnmmj,ZUMMI,Italy,EMU,Yes
2334,322,zpw90pvy,323,https://www.speedrun.com/sm64/run/zpw90pvy,2023-06-25T15:33:46Z,6878,6878,8rpq26dj,Midbro_,United States,VC,Yes
2335,323,mk09q13z,324,https://www.speedrun.com/sm64/run/mk09q13z,2023-05-10T14:45:05Z,6882,6882,o86owz08,D3m0nf4ng,Germany,EMU,Yes
2336,324,1zxxrezx,325,https://www.speedrun.com/sm64/run/1zxxrezx,,6886,6886,,,,N64,Yes
2337,325,yvon9e4z,326,https://www.speedrun.com/sm64/run/yvon9e4z,2021-10-21T16:51:42Z,6891,6891,7j4mzd5j,Thomkar,Norway,EMU,Yes
2338,326,9melnl2z,327,https://www.speedrun.com/sm64/run/9melnl2z,2016-06-25T14:46:42Z,6896,6896,,,,VC,Yes
2339,327,9yod935m,328,https://www.speedrun.com/sm64/run/9yod935m,2016-03-20T18:53:06Z,6900,6900,,,,N64,No
2340,328,zq6ogg8y,328,https://www.speedrun.com/sm64/run/zq6ogg8y,2018-04-06T20:15:52Z,6900,6900,qjnzw04j,disrespectless,Germany,N64,Yes
2341,329,y2j6qn6z,330,https://www.speedrun.com/sm64/run/y2j6qn6z,2023-03-28T23:00:55Z,6901,6901,j519wqn8,Rodillo,Spain,VC,Yes
2342,330,me1rrn0y,331,https://www.speedrun.com/sm64/run/me1rrn0y,2022-11-26T10:44:08Z,6906,6906,jo35yn7j,Luisito,Mexico,VC,Yes
2343,331,y2gxx47z,331,https://www.speedrun.com/sm64/run/y2gxx47z,2023-06-10T02:59:53Z,6906,6906,pj0z4m98,Expreli,United States,VC,Yes
2344,332,9yoq10zx,333,https://www.speedrun.com/sm64/run/9yoq10zx,,6908,6908,,,,EMU,No
2345,333,8m7er4z0,334,https://www.speedrun.com/sm64/run/8m7er4z0,,6919,6919,qjoyg3x6,Lluuccuuss,England,N64,Yes
2346,334,mkqd2e1m,335,https://www.speedrun.com/sm64/run/mkqd2e1m,2023-11-22T20:39:11Z,6922,6922,xz27v1nx,NewmanBeatbox,United States,EMU,No
2347,335,yojp320m,336,https://www.speedrun.com/sm64/run/yojp320m,2019-09-29T20:29:29Z,6924,6924,qxkm4m6j,Galax,Switzerland,EMU,Yes
2348,336,znvppolm,337,https://www.speedrun.com/sm64/run/znvppolm,2023-06-27T06:23:46Z,6929,6929,8w1wng4x,moltres93,United States,N64,Yes
2349,337,y96wpery,338,https://www.speedrun.com/sm64/run/y96wpery,2023-03-26T14:13:53Z,6931,6931,8ek14278,Zinsch,Denmark,EMU,Yes
2350,338,8y8p7dz1,339,https://www.speedrun.com/sm64/run/8y8p7dz1,,6934,6934,kjpk4kxq,moodehh,United Kingdom,N64,No
2351,339,mk7003vy,340,https://www.speedrun.com/sm64/run/mk7003vy,2021-03-01T03:05:52Z,6935,6935,qxk241kx,Heyzeus,United States,N64,Yes
2352,340,pm3jpdz0,341,https://www.speedrun.com/sm64/run/pm3jpdz0,,6938,6938,v8lez14x,TheDarkmanWs,Sweden,N64,No
2353,341,dy4ld3zl,342,https://www.speedrun.com/sm64/run/dy4ld3zl,,6946,6946,o866w58z,Xiah,Japan,N64,No
2354,342,z06nw7jz,343,https://www.speedrun.com/sm64/run/z06nw7jz,2021-02-23T13:38:40Z,6947,6947,qjn2mw1j,Toadfan5,United States,N64,Yes
2355,343,mel4v02z,344,https://www.speedrun.com/sm64/run/mel4v02z,2023-06-14T00:11:12Z,6951,6951,0jmn1vnx,Mennismonk,England,N64,Yes
2356,344,zx7871gy,345,https://www.speedrun.com/sm64/run/zx7871gy,2022-06-04T05:36:20Z,6958,6958,qxkovr28,zach,United States,N64,Yes
2357,345,zq63vjry,346,https://www.speedrun.com/sm64/run/zq63vjry,2017-05-18T18:53:26Z,6960,6960,pj0pe9xw,goodtime07,United States,N64,Yes
2358,346,zx36gx5z,347,https://www.speedrun.com/sm64/run/zx36gx5z,2023-06-03T22:07:26Z,6962,6962,x76047vj,Phoenix64,United States,VC,Yes
2359,347,zpp44jvz,348,https://www.speedrun.com/sm64/run/zpp44jvz,2023-09-25T04:07:44Z,6969,6969,j03np23j,w0nderbean,United States,N64,Yes
2360,348,ywnkdjpy,349,https://www.speedrun.com/sm64/run/ywnkdjpy,2023-10-31T06:13:44Z,6973,6973,8l3ldyl8,jumpmanmatthew,United States,N64,Yes
2361,349,zp9o6ovm,350,https://www.speedrun.com/sm64/run/zp9o6ovm,2022-07-07T23:02:00Z,6975,6975,jprppv28,SodiumChlorideIC,Austria,EMU,Yes
2362,350,y6owl9qy,350,https://www.speedrun.com/sm64/run/y6owl9qy,2023-03-29T02:45:43Z,6975,6975,o86z710x,zekeSSB,United States,N64,Yes
2363,351,m3rr866m,352,https://www.speedrun.com/sm64/run/m3rr866m,2021-05-14T04:27:40Z,6977,6977,8l0oq578,fireblazethem,United States,EMU,Yes
2364,352,znk2ld9z,353,https://www.speedrun.com/sm64/run/znk2ld9z,2020-07-15T00:42:46Z,6980,6980,dx3wpl2j,MrJimmysteel25,United States,N64,Yes
2365,353,me099p0z,354,https://www.speedrun.com/sm64/run/me099p0z,2023-10-16T00:26:04Z,6983,6983,8l33gm28,EmiBella,United States,N64,Yes
2366,354,y868g31m,355,https://www.speedrun.com/sm64/run/y868g31m,2023-06-28T20:20:12Z,6985,6985,qj22wwpj,HappyZpanners,Norway,N64,Yes
2367,355,8yv61kez,356,https://www.speedrun.com/sm64/run/8yv61kez,2015-05-19T20:46:42Z,6986,6986,0jm6gn81,race_out,Canada,N64,Yes
2368,356,yjg639oy,357,https://www.speedrun.com/sm64/run/yjg639oy,2021-05-01T18:47:01Z,6987,6987,8rp1w6dj,zubat05,Ecuador,EMU,Yes
2369,357,jy9p4em4,358,https://www.speedrun.com/sm64/run/jy9p4em4,,6990,6990,zx7w5y87,Blasant,Germany,EMU,Yes
2370,358,me3now8z,359,https://www.speedrun.com/sm64/run/me3now8z,2022-07-01T12:54:37Z,6992,6992,qj2q6doj,JuiceACD,United States,EMU,Yes
2371,359,zn15ko9m,360,https://www.speedrun.com/sm64/run/zn15ko9m,2021-07-01T02:25:33Z,6996,6996,68w672qj,drimys,United States,N64,Yes
2372,360,mr6j554m,361,https://www.speedrun.com/sm64/run/mr6j554m,2021-12-04T14:04:25Z,7003,7003,1xy9r4yj,Mapiz,Italy,N64,Yes
2373,361,y2jrd66z,362,https://www.speedrun.com/sm64/run/y2jrd66z,2023-03-23T16:02:43Z,7013,7013,xkoo67k8,RisingPhoenix64,Slovakia,EMU,Yes
2374,362,y698veqy,363,https://www.speedrun.com/sm64/run/y698veqy,2021-11-04T19:58:43Z,7017,7017,86nqn6wx,Susano130,Japan,N64,Yes
2375,363,me09920z,364,https://www.speedrun.com/sm64/run/me09920z,2023-10-16T00:03:35Z,7025,7025,zx71oy0x,FallGuysSexMod,Scotland,EMU,Yes
2376,364,y6o35k6y,365,https://www.speedrun.com/sm64/run/y6o35k6y,2022-11-27T05:05:48Z,7026,7026,j0324nmj,MrDasho,Ecuador,EMU,Yes
2377,365,7z0j8noy,366,https://www.speedrun.com/sm64/run/7z0j8noy,2016-06-25T12:27:27Z,7029,7029,o86nn7qx,dj0nk,United States,EMU,Yes
2378,366,zne30l7z,366,https://www.speedrun.com/sm64/run/zne30l7z,2023-10-09T20:15:27Z,7029,7029,jn9qe22x,Famin,United States,EMU,Yes
2379,367,y90jknky,368,https://www.speedrun.com/sm64/run/y90jknky,2020-07-12T23:36:35Z,7032,7032,v8lyv4jm,MarvJungs,Germany,EMU,Yes
2380,368,y8q9n6ny,369,https://www.speedrun.com/sm64/run/y8q9n6ny,2017-05-28T14:25:44Z,7036,7036,7j4975w8,mashSRL,Germany,N64,Yes
2381,369,emkojxz6,370,https://www.speedrun.com/sm64/run/emkojxz6,,7039,7039,e8el6oj0,esi,United States,EMU,No
2382,370,2ywx93m4,371,https://www.speedrun.com/sm64/run/2ywx93m4,,7047,7047,,,,N64,No
2383,371,mrl4jx8m,371,https://www.speedrun.com/sm64/run/mrl4jx8m,2023-06-02T01:25:46Z,7047,7047,qjn3my2x,Darkman_,France,EMU,Yes
2384,372,z525xvdz,373,https://www.speedrun.com/sm64/run/z525xvdz,2022-04-05T16:31:03Z,7049,7049,68wg36qx,ded_lej,North Korea,N64,Yes
2385,373,zx3x0nqz,374,https://www.speedrun.com/sm64/run/zx3x0nqz,2023-07-28T05:10:04Z,7053,7053,y8d95gox,Edgar3EEE,United States,N64,Yes
2386,374,zgejw7dy,375,https://www.speedrun.com/sm64/run/zgejw7dy,2023-07-30T03:44:38Z,7054,7054,kjp9nvk8,fazerlazer80,United States,N64,Yes
2387,375,pzgo5em2,376,https://www.speedrun.com/sm64/run/pzgo5em2,,7056,7056,,,,N64,Yes
2388,376,y6xwxlpy,377,https://www.speedrun.com/sm64/run/y6xwxlpy,2022-11-04T03:16:48Z,7057,7057,8v6rq1vx,ti_83,United States,N64,Yes
2389,377,y2ke7x6y,378,https://www.speedrun.com/sm64/run/y2ke7x6y,2023-11-24T15:10:42Z,7059,7059,j20qnrlx,MrFroggy,United States,EMU,Yes
2390,378,kz5ro15y,379,https://www.speedrun.com/sm64/run/kz5ro15y,2015-09-23T18:46:55Z,7063,7063,zx7vky6x,Hafus,United States,N64,Yes
2391,379,z0op6g8z,379,https://www.speedrun.com/sm64/run/z0op6g8z,2022-01-20T01:54:42Z,7063,7063,8e6nykoj,DTunester,United States,EMU,Yes
2392,380,ydjv5p0y,381,https://www.speedrun.com/sm64/run/ydjv5p0y,2023-07-30T08:32:27Z,7064,7064,8v2p7gnj,hotdwgboy,United States,EMU,Yes
2393,381,9megq0y7,382,https://www.speedrun.com/sm64/run/9megq0y7,,7066,7066,,,,N64,Yes
2394,382,m3o3ljgm,383,https://www.speedrun.com/sm64/run/m3o3ljgm,2018-10-26T07:21:06Z,7069,7069,zx72k4r8,Yoshi_Zilla,United States,VC,Yes
2395,383,zpg1l6xz,384,https://www.speedrun.com/sm64/run/zpg1l6xz,2023-01-13T04:19:05Z,7071,7071,v815l1lj,Derek,United States,EMU,Yes
2396,384,zn3jpg9y,385,https://www.speedrun.com/sm64/run/zn3jpg9y,2020-11-22T09:57:01Z,7076,7076,dx35v6ej,MrMeanMoustache,Netherlands,N64,Yes
2397,385,yodvpojm,386,https://www.speedrun.com/sm64/run/yodvpojm,2022-07-30T09:10:46Z,7077,7077,5j5gwr68,Speedrun,United States,EMU,Yes
2398,386,y88k10wy,387,https://www.speedrun.com/sm64/run/y88k10wy,2022-06-18T07:41:26Z,7079,7079,18q652oj,Poke,United States,EMU,Yes
2399,387,zggg7vdz,388,https://www.speedrun.com/sm64/run/zggg7vdz,2021-05-10T14:49:48Z,7083,7083,kjp4g4jq,Talon2461,England,VC,Yes
2400,388,zg2206vy,389,https://www.speedrun.com/sm64/run/zg2206vy,2023-02-14T20:46:07Z,7084,7084,p18vz2jl,Illudude,Sweden,N64,Yes
2401,389,oy2wl5yd,390,https://www.speedrun.com/sm64/run/oy2wl5yd,,7092,7092,v81q7ljp,Snowman,United States,N64,Yes
2402,390,y6o0d3jy,390,https://www.speedrun.com/sm64/run/y6o0d3jy,2023-01-30T22:45:03Z,7092,7092,dx3w7r7j,KingJ0444,Canada,EMU,Yes
2403,391,ydror7jz,392,https://www.speedrun.com/sm64/run/ydror7jz,2021-07-01T21:30:53Z,7093,7093,qxknvr7x,Marshall,Marshall Islands,N64,Yes
2404,392,ywre3n9m,393,https://www.speedrun.com/sm64/run/ywre3n9m,2023-04-26T05:14:02Z,7097,7097,8qrldp7j,Amahumahaba,United States,N64,Yes
2405,393,9yoxw0yx,394,https://www.speedrun.com/sm64/run/9yoxw0yx,,7098,7098,qj26qnxk,caivs,United States,N64,Yes
2406,394,wzpxjxmq,395,https://www.speedrun.com/sm64/run/wzpxjxmq,,7099,7099,qj26pqnx,NyZ,Japan,N64,No
2407,395,z1l2dr9m,396,https://www.speedrun.com/sm64/run/z1l2dr9m,2023-06-19T17:04:46Z,7101,7101,j92d9do8,Nikkeri,Finland,EMU,Yes
2408,396,mee7k02m,397,https://www.speedrun.com/sm64/run/mee7k02m,2023-01-11T23:31:26Z,7102,7102,48gmdo78,JaVillain,United States,N64,Yes
2409,397,y6d8qjqm,398,https://www.speedrun.com/sm64/run/y6d8qjqm,2021-07-03T05:01:39Z,7106,7106,pj0v90mx,adelyn64,United States,N64,Yes
2410,398,y8joq2xz,399,https://www.speedrun.com/sm64/run/y8joq2xz,2022-02-22T03:06:38Z,7111,7111,86vm37pj,sevenyoshi,United States,N64,Yes
2411,399,oy2nn9yd,400,https://www.speedrun.com/sm64/run/oy2nn9yd,,7113,7113,zx7qg687,ParadoxKarl,Esperanto,VC,No
2412,400,mke55wlm,401,https://www.speedrun.com/sm64/run/mke55wlm,2022-01-11T03:53:25Z,7116,7116,qjod06nx,BlueX2,Germany,EMU,Yes
2413,401,yj87rp3m,402,https://www.speedrun.com/sm64/run/yj87rp3m,2023-03-27T01:09:50Z,7117,7117,qj200q6x,Electrand,,EMU,Yes
2414,402,y82dn2wy,403,https://www.speedrun.com/sm64/run/y82dn2wy,2020-05-21T14:01:27Z,7121,7121,zx70qm0j,TerraBoop,United States,N64,Yes
2415,403,y4ookkdz,404,https://www.speedrun.com/sm64/run/y4ookkdz,2023-07-13T02:28:05Z,7123,7123,5j5qzewj,Keubab,France,N64,Yes
2416,404,zq9qk11y,405,https://www.speedrun.com/sm64/run/zq9qk11y,2022-10-05T14:34:31Z,7124,7124,jmor1yo8,hector,Mexico,N64,Yes
2417,405,y4oo9dnz,405,https://www.speedrun.com/sm64/run/y4oo9dnz,2023-07-10T09:17:45Z,7124,7124,8r2qg93x,boomeraang,,N64,Yes
2418,406,yjpr5wny,407,https://www.speedrun.com/sm64/run/yjpr5wny,2022-07-15T10:26:25Z,7125,7125,8vkkkz5j,haruto701,Japan,N64,Yes
2419,407,yw3l9j0m,408,https://www.speedrun.com/sm64/run/yw3l9j0m,2022-07-28T20:55:38Z,7128,7128,j2wlm4pj,Johnny3Oak,United States,N64,Yes
2420,408,zp86qnxy,409,https://www.speedrun.com/sm64/run/zp86qnxy,2021-10-08T05:31:23Z,7129,7129,8e9o1w6j,sigalig,United States,N64,Yes
2421,409,yddwe60y,409,https://www.speedrun.com/sm64/run/yddwe60y,2022-05-24T19:01:35Z,7129,7129,8l05yv48,zGamuT,United States,EMU,Yes
2422,410,1zxjeeyx,411,https://www.speedrun.com/sm64/run/1zxjeeyx,,7131,7131,,,,EMU,Yes
2423,411,z1x47jgm,411,https://www.speedrun.com/sm64/run/z1x47jgm,2021-11-16T22:43:17Z,7131,7131,xz7n0vnj,Pingu16,Italy,EMU,Yes
2424,412,z0j1op8y,413,https://www.speedrun.com/sm64/run/z0j1op8y,2023-05-15T06:03:40Z,7135,7135,7j44olj1,AndrewAJT,United States,VC,Yes
2425,413,2yw09q9m,414,https://www.speedrun.com/sm64/run/2yw09q9m,2015-09-18T15:48:26Z,7136,7136,18qnw78n,Mese,Japan,N64,No
2426,414,ydjlp10y,415,https://www.speedrun.com/sm64/run/ydjlp10y,2023-07-28T15:45:58Z,7138,7138,xz9o5508,octave_6,United States,EMU,Yes
2427,415,z117npwz,416,https://www.speedrun.com/sm64/run/z117npwz,2019-03-12T04:44:25Z,7140,7140,dx3rzz2x,IR,Canada,N64,Yes
2428,416,ywnkr13y,417,https://www.speedrun.com/sm64/run/ywnkr13y,2023-11-02T19:49:41Z,7141,7141,v81100p8,HomerOfSteel,France,EMU,Yes
2429,417,pm3v9dz0,418,https://www.speedrun.com/sm64/run/pm3v9dz0,,7145,7145,,,,EMU,Yes
2430,418,0y62go0z,419,https://www.speedrun.com/sm64/run/0y62go0z,2016-06-25T12:33:15Z,7146,7146,,,,EMU,Yes
2431,419,8m7ok4y0,420,https://www.speedrun.com/sm64/run/8m7ok4y0,,7147,7147,,,,N64,Yes
2432,420,yjpk7e7y,421,https://www.speedrun.com/sm64/run/yjpk7e7y,2022-04-13T20:20:56Z,7151,7151,8d4egv98,RedSlim777,France,EMU,Yes
2433,421,pm3rdodm,422,https://www.speedrun.com/sm64/run/pm3rdodm,2015-09-23T18:49:31Z,7153,7153,v48g37xp,JustinDT,QuÃ©bec,N64,Yes
2434,422,ywr9r4pm,423,https://www.speedrun.com/sm64/run/ywr9r4pm,2023-08-28T12:38:39Z,7154,7154,qxkpnmj0,Niniste,France,EMU,Yes
2435,423,mejve62y,424,https://www.speedrun.com/sm64/run/mejve62y,2021-12-02T11:06:18Z,7159,7159,5j5de9n8,Frozeno,Australia,VC,Yes
2436,424,dy4n93ml,424,https://www.speedrun.com/sm64/run/dy4n93ml,,7159,7159,qjooplj6,5upamayne,Lebanon,EMU,No
2437,425,me8rq83m,426,https://www.speedrun.com/sm64/run/me8rq83m,2019-05-13T21:40:43Z,7164,7164,qjn997dx,Tomtendo,England,N64,Yes
2438,426,mrepp04y,427,https://www.speedrun.com/sm64/run/mrepp04y,2020-03-01T19:53:17Z,7165,7165,o86q79qx,YobunTeme,Japan,N64,Yes
2439,427,z5j0oedm,427,https://www.speedrun.com/sm64/run/z5j0oedm,2020-05-09T05:27:49Z,7165,7165,kjpmk5jq,Ivan,United States,N64,Yes
2440,428,y2x9p97m,429,https://www.speedrun.com/sm64/run/y2x9p97m,2021-04-11T03:41:45Z,7166,7166,o86neqxz,game_complete,Uganda,N64,Yes
2441,429,8yv2q44m,430,https://www.speedrun.com/sm64/run/8yv2q44m,2015-08-23T00:29:33Z,7167,7167,qjoon7j6,senn,Germany,EMU,Yes
2442,430,dy4od9qz,431,https://www.speedrun.com/sm64/run/dy4od9qz,2016-07-01T14:52:24Z,7168,7168,,,,VC,Yes
2443,431,y2gnxp5z,432,https://www.speedrun.com/sm64/run/y2gnxp5z,2023-07-30T21:31:53Z,7170,7170,863k2ww8,MeepJeep,Germany,N64,Yes
2444,432,yw0r523m,433,https://www.speedrun.com/sm64/run/yw0r523m,2021-03-02T05:17:42Z,7172,7172,zx7d74vx,Tabbyztorm,Pakistan,EMU,Yes
2445,433,z0p5oeoy,434,https://www.speedrun.com/sm64/run/z0p5oeoy,2022-04-28T09:16:51Z,7175,7175,8dw4e5lj,Divine,Austria,N64,Yes
2446,434,m78qre5z,435,https://www.speedrun.com/sm64/run/m78qre5z,2021-01-26T04:29:39Z,7179,7179,v8l04qv8,Smurfy,Canada,N64,Yes
2447,435,y2vdl39z,436,https://www.speedrun.com/sm64/run/y2vdl39z,2021-02-01T09:01:55Z,7181,7181,18v3m25x,chomsky,United States,N64,Yes
2448,436,y65dl8jz,437,https://www.speedrun.com/sm64/run/y65dl8jz,2020-05-17T01:04:44Z,7182,7182,8v55rmej,Seiozi,United States,N64,Yes
2449,437,mrn36jgy,438,https://www.speedrun.com/sm64/run/mrn36jgy,2021-11-26T01:41:19Z,7183,7183,zxz9n948,tayyip,,EMU,Yes
2450,438,9mer139z,439,https://www.speedrun.com/sm64/run/9mer139z,2017-03-19T03:01:05Z,7188,7188,e8e965pj,Leonostic,United States,EMU,Yes
2451,439,ywjpovnz,439,https://www.speedrun.com/sm64/run/ywjpovnz,2021-12-16T19:34:03Z,7188,7188,kj96k9oj,AndySandford,Norway,EMU,Yes
2452,440,z0x95o4z,439,https://www.speedrun.com/sm64/run/z0x95o4z,2023-10-08T16:37:48Z,7188,7188,86n94m0x,Joanbros,France,EMU,Yes
2453,441,1zqqxrzl,442,https://www.speedrun.com/sm64/run/1zqqxrzl,,7190,7190,,,,N64,Yes
2454,442,mee5v18m,443,https://www.speedrun.com/sm64/run/mee5v18m,2023-04-04T00:31:54Z,7192,7192,jnzd1m1j,RJ7k,United States,N64,Yes
2455,443,mk54pq5m,444,https://www.speedrun.com/sm64/run/mk54pq5m,2021-07-31T18:46:39Z,7194,7194,qj233nxk,lackattack,United States,N64,Yes
2456,444,yd2rj3vm,445,https://www.speedrun.com/sm64/run/yd2rj3vm,2023-10-26T03:55:31Z,7198,7198,8lpgwllj,Vadien,United States,N64,Yes
2457,445,7z0qv9m5,446,https://www.speedrun.com/sm64/run/7z0qv9m5,,7199,7199,,,,N64,No
2458,446,z0p4jxjy,446,https://www.speedrun.com/sm64/run/z0p4jxjy,2022-07-20T05:43:38Z,7199,7199,j4r5lm58,Dorious,Australia,N64,Yes
2459,447,zqjrq1rm,446,https://www.speedrun.com/sm64/run/zqjrq1rm,2023-05-17T16:15:49Z,7199,7199,e8e99opj,Groove_Heaven,United States,N64,Yes
2460,448,0y6ek6z7,446,https://www.speedrun.com/sm64/run/0y6ek6z7,,7199,7199,,,,N64,No
2461,449,y2ke2n6y,450,https://www.speedrun.com/sm64/run/y2ke2n6y,2023-11-26T07:09:51Z,7201,7201,8dw9onoj,JoeyBagODonuts,United States,EMU,Yes
2462,450,y20x579m,451,https://www.speedrun.com/sm64/run/y20x579m,2022-01-06T14:34:58Z,7206,7206,j2y0pkl8,TobiiSR,Austria,VC,Yes
2463,451,y9810eez,452,https://www.speedrun.com/sm64/run/y9810eez,2023-05-27T23:01:08Z,7217,7217,8rprrndj,N8rBeans,United States,N64,Yes
2464,452,ydg3rnwy,453,https://www.speedrun.com/sm64/run/ydg3rnwy,2022-12-12T02:40:22Z,7231,7231,7j43q6w8,JayBeanz,United States,N64,Yes
2465,453,7z00w9z5,454,https://www.speedrun.com/sm64/run/7z00w9z5,,7233,7233,,,,EMU,Yes
2466,454,yjxw4wnz,455,https://www.speedrun.com/sm64/run/yjxw4wnz,2022-02-06T18:13:20Z,7234,7234,jmomloe8,Kaug,Japan,VC,Yes
2467,455,m3lxj3qm,456,https://www.speedrun.com/sm64/run/m3lxj3qm,2023-02-07T10:40:15Z,7240,7240,o86npyqx,Gloggekawa,Germany,VC,Yes
2468,456,zx38o28z,457,https://www.speedrun.com/sm64/run/zx38o28z,2023-07-01T21:22:43Z,7255,7255,18veed2j,Castle,Canada,VC,Yes
2469,457,8y8p5dz1,458,https://www.speedrun.com/sm64/run/8y8p5dz1,,7259,7259,,,,N64,No
2470,458,z0lw90ez,459,https://www.speedrun.com/sm64/run/z0lw90ez,2022-07-29T18:26:15Z,7260,7260,j96w46oj,Sunk,United States,EMU,Yes
2471,459,melnlw0z,460,https://www.speedrun.com/sm64/run/melnlw0z,2023-08-01T06:13:53Z,7267,7267,8w1rr94x,sanj,Canada,EMU,Yes
2472,460,ydjrx8wy,461,https://www.speedrun.com/sm64/run/ydjrx8wy,2023-06-13T01:38:20Z,7275,7275,y8dwq59j,zg53,United States,N64,Yes
2473,461,zgpdlpnz,462,https://www.speedrun.com/sm64/run/zgpdlpnz,2022-05-26T05:42:06Z,7277,7277,1xyozvjr,Flygonman,United States,VC,Yes
2474,462,y4evglkm,463,https://www.speedrun.com/sm64/run/y4evglkm,2020-12-30T16:02:20Z,7278,7278,v8lv6q7j,runner_cam,United States,N64,Yes
2475,463,y25qrq5y,464,https://www.speedrun.com/sm64/run/y25qrq5y,2020-04-14T02:52:29Z,7286,7286,jo326wlj,Ratchetx7,United States,N64,Yes
2476,464,y2ep6jjy,465,https://www.speedrun.com/sm64/run/y2ep6jjy,2022-09-08T04:21:09Z,7291,7291,j0vkm73x,druz,United States,EMU,Yes
2477,465,8y86wowm,466,https://www.speedrun.com/sm64/run/8y86wowm,2016-06-22T17:57:35Z,7299,7299,v8l6lv8m,SteveMassey,United States,N64,Yes
2478,466,m3n8dq4y,467,https://www.speedrun.com/sm64/run/m3n8dq4y,2021-03-25T15:19:33Z,7301,7301,zx7w10q8,pierrenoelle,Germany,N64,Yes
2479,467,zg7dkgjz,468,https://www.speedrun.com/sm64/run/zg7dkgjz,2018-10-03T22:02:42Z,7302,7302,v813dylx,Crabshack,Albania,N64,Yes
2480,468,z1l929wm,469,https://www.speedrun.com/sm64/run/z1l929wm,2023-07-21T17:57:10Z,7304,7304,xyovelwj,LiamPlayZelda,United States,VC,Yes
2481,469,yd3575xz,470,https://www.speedrun.com/sm64/run/yd3575xz,2018-08-03T16:16:35Z,7305,7305,zx76l0j7,Sovlo,France,N64,Yes
2482,470,ydwlvjjm,471,https://www.speedrun.com/sm64/run/ydwlvjjm,2022-02-20T16:51:53Z,7306,7306,y8drkylx,Mister_H,France,EMU,Yes
2483,471,zxw75dem,472,https://www.speedrun.com/sm64/run/zxw75dem,2023-11-20T00:27:59Z,7311,7311,xz0v26e8,TylerKwak,United States,N64,No
2484,472,8y8g3dz1,473,https://www.speedrun.com/sm64/run/8y8g3dz1,,7317,7317,,,,EMU,Yes
2485,473,yo7l3l1m,474,https://www.speedrun.com/sm64/run/yo7l3l1m,2021-06-04T01:13:18Z,7318,7318,qjny9d8m,Breadghost,United States,VC,Yes
2486,474,yj1l677y,475,https://www.speedrun.com/sm64/run/yj1l677y,2021-01-27T00:53:27Z,7319,7319,8e956npj,Baybito64,France,EMU,Yes
2487,475,z1l80wgm,476,https://www.speedrun.com/sm64/run/z1l80wgm,2023-06-07T06:53:22Z,7322,7322,j4r4wqv8,SirPlsStop,United States,EMU,Yes
2488,476,m700x3ey,477,https://www.speedrun.com/sm64/run/m700x3ey,2023-07-12T13:56:17Z,7325,7325,x7qoekq8,lostinspeedruns,Italy,EMU,No
2489,477,y2pw539z,478,https://www.speedrun.com/sm64/run/y2pw539z,2022-06-26T17:36:38Z,7326,7326,18v3pdyx,Sailo,Germany,VC,Yes
2490,478,y65j7qpz,479,https://www.speedrun.com/sm64/run/y65j7qpz,2020-07-28T17:56:35Z,7328,7328,48gye018,JalapiÃ±econe,Canada,N64,Yes
2491,479,8yv74oyo,480,https://www.speedrun.com/sm64/run/8yv74oyo,,7341,7341,,,,EMU,No
2492,480,y62g3l6z,481,https://www.speedrun.com/sm64/run/y62g3l6z,2023-07-29T10:15:00Z,7342,7342,xzlelze8,W1cko,Australia,N64,Yes
2493,481,yd2963qm,482,https://www.speedrun.com/sm64/run/yd2963qm,2023-10-15T03:21:50Z,7351,7351,98r6vmg8,Nintendude64,United States,VC,Yes
2494,482,m37wn8wz,483,https://www.speedrun.com/sm64/run/m37wn8wz,2021-10-21T22:49:45Z,7361,7361,j5w9kqwj,Stomr,United States,N64,Yes
2495,483,y4gdpldy,484,https://www.speedrun.com/sm64/run/y4gdpldy,2023-04-16T08:16:11Z,7367,7367,y8d1myg8,Collin_1029,United States,N64,Yes
2496,484,yv2r5jxm,485,https://www.speedrun.com/sm64/run/yv2r5jxm,2021-02-19T03:19:41Z,7372,7372,1xy2m3m8,A.R.,United States,N64,Yes
2497,485,yvpxvk8y,486,https://www.speedrun.com/sm64/run/yvpxvk8y,2023-07-27T11:32:08Z,7377,7377,8g0yzd1x,kelsmont,,N64,Yes
2498,486,y6qrpljz,487,https://www.speedrun.com/sm64/run/y6qrpljz,2023-10-08T03:14:57Z,7378,7378,jml6m9e8,LikelyLana,,EMU,Yes
2499,487,zx3o2n5z,488,https://www.speedrun.com/sm64/run/zx3o2n5z,2023-06-14T23:06:51Z,7382,7382,8dg3z6o8,Domcactus,Canada,EMU,Yes
2500,488,yv804pxm,489,https://www.speedrun.com/sm64/run/yv804pxm,2023-02-03T23:44:22Z,7385,7385,8vkp0nyj,Rici64,Germany,VC,Yes
2501,489,z5pepgnm,490,https://www.speedrun.com/sm64/run/z5pepgnm,2023-07-08T01:03:56Z,7394,7394,18vn9m5j,Kasual,Canada,N64,Yes
2502,490,y80xq8xm,491,https://www.speedrun.com/sm64/run/y80xq8xm,2023-02-04T04:14:28Z,7397,7397,8gezkw7j,Limosick,Mexico,N64,Yes
2503,491,yvpv636y,492,https://www.speedrun.com/sm64/run/yvpv636y,2023-07-15T22:00:31Z,7403,7403,x3w377ej,AbUnderscored,Jordan,EMU,Yes
2504,492,zxn189qm,493,https://www.speedrun.com/sm64/run/zxn189qm,2023-04-12T22:53:10Z,7412,7412,x35dyv7j,Rollerroc,England,VC,Yes
2505,493,mk0gpp5z,493,https://www.speedrun.com/sm64/run/mk0gpp5z,2023-06-11T21:04:03Z,7412,7412,7j4dr45j,wispx,United States,N64,No
2506,494,z5ok355y,495,https://www.speedrun.com/sm64/run/z5ok355y,2017-12-31T05:57:40Z,7415,7415,zxzz24xq,HowToCantaloupe,United States,VC,Yes
2507,495,zx3gokgz,496,https://www.speedrun.com/sm64/run/zx3gokgz,2023-06-10T04:22:27Z,7419,7419,jpmgv4yj,Zeas44,United States,EMU,Yes
2508,496,yd0n6eqz,497,https://www.speedrun.com/sm64/run/yd0n6eqz,2020-12-05T15:12:03Z,7429,7429,pj0y2m3x,Linkx2,Germany,N64,Yes
2509,497,dy45rk3m,498,https://www.speedrun.com/sm64/run/dy45rk3m,2014-12-17T03:22:18Z,7431,7431,qxk4pmj0,TPositive,United States,VC,Yes
2510,498,z1pl6e7z,499,https://www.speedrun.com/sm64/run/z1pl6e7z,2022-06-16T09:32:31Z,7444,7444,8g5kr62j,NaturallyAllen,United States,EMU,Yes
2511,499,y2qngo6y,500,https://www.speedrun.com/sm64/run/y2qngo6y,2019-02-11T01:26:52Z,7445,7445,qxkm7g7j,meowmix_fan,United States,VC,Yes
2512,500,y4gnw0ny,500,https://www.speedrun.com/sm64/run/y4gnw0ny,2023-03-17T19:03:02Z,7445,7445,1xy51wv8,Kosmic,United States,N64,Yes
